raceId;year;name
1;2009;Australian Grand Prix
2;2009;Malaysian Grand Prix
3;2009;Chinese Grand Prix
4;2009;Bahrain Grand Prix
5;2009;Spanish Grand Prix
6;2009;Monaco Grand Prix
7;2009;Turkish Grand Prix
8;2009;British Grand Prix
9;2009;German Grand Prix
10;2009;Hungarian Grand Prix
11;2009;European Grand Prix
12;2009;Belgian Grand Prix
13;2009;Italian Grand Prix
14;2009;Singapore Grand Prix
15;2009;Japanese Grand Prix
16;2009;Brazilian Grand Prix
17;2009;Abu Dhabi Grand Prix
18;2008;Australian Grand Prix
19;2008;Malaysian Grand Prix
20;2008;Bahrain Grand Prix
21;2008;Spanish Grand Prix
22;2008;Turkish Grand Prix
23;2008;Monaco Grand Prix
24;2008;Canadian Grand Prix
25;2008;French Grand Prix
26;2008;British Grand Prix
27;2008;German Grand Prix
28;2008;Hungarian Grand Prix
29;2008;European Grand Prix
30;2008;Belgian Grand Prix
31;2008;Italian Grand Prix
32;2008;Singapore Grand Prix
33;2008;Japanese Grand Prix
34;2008;Chinese Grand Prix
35;2008;Brazilian Grand Prix
36;2007;Australian Grand Prix
37;2007;Malaysian Grand Prix
38;2007;Bahrain Grand Prix
39;2007;Spanish Grand Prix
40;2007;Monaco Grand Prix
41;2007;Canadian Grand Prix
42;2007;United States Grand Prix
43;2007;French Grand Prix
44;2007;British Grand Prix
45;2007;European Grand Prix
46;2007;Hungarian Grand Prix
47;2007;Turkish Grand Prix
48;2007;Italian Grand Prix
49;2007;Belgian Grand Prix
50;2007;Japanese Grand Prix
51;2007;Chinese Grand Prix
52;2007;Brazilian Grand Prix
53;2006;Bahrain Grand Prix
54;2006;Malaysian Grand Prix
55;2006;Australian Grand Prix
56;2006;San Marino Grand Prix
57;2006;European Grand Prix
58;2006;Spanish Grand Prix
59;2006;Monaco Grand Prix
60;2006;British Grand Prix
61;2006;Canadian Grand Prix
62;2006;United States Grand Prix
63;2006;French Grand Prix
64;2006;German Grand Prix
65;2006;Hungarian Grand Prix
66;2006;Turkish Grand Prix
67;2006;Italian Grand Prix
68;2006;Chinese Grand Prix
69;2006;Japanese Grand Prix
70;2006;Brazilian Grand Prix
71;2005;Australian Grand Prix
72;2005;Malaysian Grand Prix
73;2005;Bahrain Grand Prix
74;2005;San Marino Grand Prix
75;2005;Spanish Grand Prix
76;2005;Monaco Grand Prix
77;2005;European Grand Prix
78;2005;Canadian Grand Prix
79;2005;United States Grand Prix
80;2005;French Grand Prix
81;2005;British Grand Prix
82;2005;German Grand Prix
83;2005;Hungarian Grand Prix
84;2005;Turkish Grand Prix
85;2005;Italian Grand Prix
86;2005;Belgian Grand Prix
87;2005;Brazilian Grand Prix
88;2005;Japanese Grand Prix
89;2005;Chinese Grand Prix
90;2004;Australian Grand Prix
91;2004;Malaysian Grand Prix
92;2004;Bahrain Grand Prix
93;2004;San Marino Grand Prix
94;2004;Spanish Grand Prix
95;2004;Monaco Grand Prix
96;2004;European Grand Prix
97;2004;Canadian Grand Prix
98;2004;United States Grand Prix
99;2004;French Grand Prix
100;2004;British Grand Prix
101;2004;German Grand Prix
102;2004;Hungarian Grand Prix
103;2004;Belgian Grand Prix
104;2004;Italian Grand Prix
105;2004;Chinese Grand Prix
106;2004;Japanese Grand Prix
107;2004;Brazilian Grand Prix
108;2003;Australian Grand Prix
109;2003;Malaysian Grand Prix
110;2003;Brazilian Grand Prix
111;2003;San Marino Grand Prix
112;2003;Spanish Grand Prix
113;2003;Austrian Grand Prix
114;2003;Monaco Grand Prix
115;2003;Canadian Grand Prix
116;2003;European Grand Prix
117;2003;French Grand Prix
118;2003;British Grand Prix
119;2003;German Grand Prix
120;2003;Hungarian Grand Prix
121;2003;Italian Grand Prix
122;2003;United States Grand Prix
123;2003;Japanese Grand Prix
124;2002;Australian Grand Prix
125;2002;Malaysian Grand Prix
126;2002;Brazilian Grand Prix
127;2002;San Marino Grand Prix
128;2002;Spanish Grand Prix
129;2002;Austrian Grand Prix
130;2002;Monaco Grand Prix
131;2002;Canadian Grand Prix
132;2002;European Grand Prix
133;2002;British Grand Prix
134;2002;French Grand Prix
135;2002;German Grand Prix
136;2002;Hungarian Grand Prix
137;2002;Belgian Grand Prix
138;2002;Italian Grand Prix
139;2002;United States Grand Prix
140;2002;Japanese Grand Prix
141;2001;Australian Grand Prix
142;2001;Malaysian Grand Prix
143;2001;Brazilian Grand Prix
144;2001;San Marino Grand Prix
145;2001;Spanish Grand Prix
146;2001;Austrian Grand Prix
147;2001;Monaco Grand Prix
148;2001;Canadian Grand Prix
149;2001;European Grand Prix
150;2001;French Grand Prix
151;2001;British Grand Prix
152;2001;German Grand Prix
153;2001;Hungarian Grand Prix
154;2001;Belgian Grand Prix
155;2001;Italian Grand Prix
156;2001;United States Grand Prix
157;2001;Japanese Grand Prix
158;2000;Australian Grand Prix
159;2000;Brazilian Grand Prix
160;2000;San Marino Grand Prix
161;2000;British Grand Prix
162;2000;Spanish Grand Prix
163;2000;European Grand Prix
164;2000;Monaco Grand Prix
165;2000;Canadian Grand Prix
166;2000;French Grand Prix
167;2000;Austrian Grand Prix
168;2000;German Grand Prix
169;2000;Hungarian Grand Prix
170;2000;Belgian Grand Prix
171;2000;Italian Grand Prix
172;2000;United States Grand Prix
173;2000;Japanese Grand Prix
174;2000;Malaysian Grand Prix
175;1999;Australian Grand Prix
176;1999;Brazilian Grand Prix
177;1999;San Marino Grand Prix
178;1999;Monaco Grand Prix
179;1999;Spanish Grand Prix
180;1999;Canadian Grand Prix
181;1999;French Grand Prix
182;1999;British Grand Prix
183;1999;Austrian Grand Prix
184;1999;German Grand Prix
185;1999;Hungarian Grand Prix
186;1999;Belgian Grand Prix
187;1999;Italian Grand Prix
188;1999;European Grand Prix
189;1999;Malaysian Grand Prix
190;1999;Japanese Grand Prix
191;1998;Australian Grand Prix
192;1998;Brazilian Grand Prix
193;1998;Argentine Grand Prix
194;1998;San Marino Grand Prix
195;1998;Spanish Grand Prix
196;1998;Monaco Grand Prix
197;1998;Canadian Grand Prix
198;1998;French Grand Prix
199;1998;British Grand Prix
200;1998;Austrian Grand Prix
201;1998;German Grand Prix
202;1998;Hungarian Grand Prix
203;1998;Belgian Grand Prix
204;1998;Italian Grand Prix
205;1998;Luxembourg Grand Prix
206;1998;Japanese Grand Prix
207;1997;Australian Grand Prix
208;1997;Brazilian Grand Prix
209;1997;Argentine Grand Prix
210;1997;San Marino Grand Prix
211;1997;Monaco Grand Prix
212;1997;Spanish Grand Prix
213;1997;Canadian Grand Prix
214;1997;French Grand Prix
215;1997;British Grand Prix
216;1997;German Grand Prix
217;1997;Hungarian Grand Prix
218;1997;Belgian Grand Prix
219;1997;Italian Grand Prix
220;1997;Austrian Grand Prix
221;1997;Luxembourg Grand Prix
222;1997;Japanese Grand Prix
223;1997;European Grand Prix
224;1996;Australian Grand Prix
225;1996;Brazilian Grand Prix
226;1996;Argentine Grand Prix
227;1996;European Grand Prix
228;1996;San Marino Grand Prix
229;1996;Monaco Grand Prix
230;1996;Spanish Grand Prix
231;1996;Canadian Grand Prix
232;1996;French Grand Prix
233;1996;British Grand Prix
234;1996;German Grand Prix
235;1996;Hungarian Grand Prix
236;1996;Belgian Grand Prix
237;1996;Italian Grand Prix
238;1996;Portuguese Grand Prix
239;1996;Japanese Grand Prix
240;1995;Brazilian Grand Prix
241;1995;Argentine Grand Prix
242;1995;San Marino Grand Prix
243;1995;Spanish Grand Prix
244;1995;Monaco Grand Prix
245;1995;Canadian Grand Prix
246;1995;French Grand Prix
247;1995;British Grand Prix
248;1995;German Grand Prix
249;1995;Hungarian Grand Prix
250;1995;Belgian Grand Prix
251;1995;Italian Grand Prix
252;1995;Portuguese Grand Prix
253;1995;European Grand Prix
254;1995;Pacific Grand Prix
255;1995;Japanese Grand Prix
256;1995;Australian Grand Prix
257;1994;Brazilian Grand Prix
258;1994;Pacific Grand Prix
259;1994;San Marino Grand Prix
260;1994;Monaco Grand Prix
261;1994;Spanish Grand Prix
262;1994;Canadian Grand Prix
263;1994;French Grand Prix
264;1994;British Grand Prix
265;1994;German Grand Prix
266;1994;Hungarian Grand Prix
267;1994;Belgian Grand Prix
268;1994;Italian Grand Prix
269;1994;Portuguese Grand Prix
270;1994;European Grand Prix
271;1994;Japanese Grand Prix
272;1994;Australian Grand Prix
273;1993;South African Grand Prix
274;1993;Brazilian Grand Prix
275;1993;European Grand Prix
276;1993;San Marino Grand Prix
277;1993;Spanish Grand Prix
278;1993;Monaco Grand Prix
279;1993;Canadian Grand Prix
280;1993;French Grand Prix
281;1993;British Grand Prix
282;1993;German Grand Prix
283;1993;Hungarian Grand Prix
284;1993;Belgian Grand Prix
285;1993;Italian Grand Prix
286;1993;Portuguese Grand Prix
287;1993;Japanese Grand Prix
288;1993;Australian Grand Prix
289;1992;South African Grand Prix
290;1992;Mexican Grand Prix
291;1992;Brazilian Grand Prix
292;1992;Spanish Grand Prix
293;1992;San Marino Grand Prix
294;1992;Monaco Grand Prix
295;1992;Canadian Grand Prix
296;1992;French Grand Prix
297;1992;British Grand Prix
298;1992;German Grand Prix
299;1992;Hungarian Grand Prix
300;1992;Belgian Grand Prix
301;1992;Italian Grand Prix
302;1992;Portuguese Grand Prix
303;1992;Japanese Grand Prix
304;1992;Australian Grand Prix
305;1991;United States Grand Prix
306;1991;Brazilian Grand Prix
307;1991;San Marino Grand Prix
308;1991;Monaco Grand Prix
309;1991;Canadian Grand Prix
310;1991;Mexican Grand Prix
311;1991;French Grand Prix
312;1991;British Grand Prix
313;1991;German Grand Prix
314;1991;Hungarian Grand Prix
315;1991;Belgian Grand Prix
316;1991;Italian Grand Prix
317;1991;Portuguese Grand Prix
318;1991;Spanish Grand Prix
319;1991;Japanese Grand Prix
320;1991;Australian Grand Prix
321;1990;United States Grand Prix
322;1990;Brazilian Grand Prix
323;1990;San Marino Grand Prix
324;1990;Monaco Grand Prix
325;1990;Canadian Grand Prix
326;1990;Mexican Grand Prix
327;1990;French Grand Prix
328;1990;British Grand Prix
329;1990;German Grand Prix
330;1990;Hungarian Grand Prix
331;1990;Belgian Grand Prix
332;1990;Italian Grand Prix
333;1990;Portuguese Grand Prix
334;1990;Spanish Grand Prix
335;1990;Japanese Grand Prix
336;1990;Australian Grand Prix
337;2010;Bahrain Grand Prix
338;2010;Australian Grand Prix
339;2010;Malaysian Grand Prix
340;2010;Chinese Grand Prix
341;2010;Spanish Grand Prix
342;2010;Monaco Grand Prix
343;2010;Turkish Grand Prix
344;2010;Canadian Grand Prix
345;2010;European Grand Prix
346;2010;British Grand Prix
347;2010;German Grand Prix
348;2010;Hungarian Grand Prix
349;2010;Belgian Grand Prix
350;2010;Italian Grand Prix
351;2010;Singapore Grand Prix
352;2010;Japanese Grand Prix
353;2010;Korean Grand Prix
354;2010;Brazilian Grand Prix
355;2010;Abu Dhabi Grand Prix
356;1989;Brazilian Grand Prix
357;1989;San Marino Grand Prix
358;1989;Monaco Grand Prix
359;1989;Mexican Grand Prix
360;1989;United States Grand Prix
361;1989;Canadian Grand Prix
362;1989;French Grand Prix
363;1989;British Grand Prix
364;1989;German Grand Prix
365;1989;Hungarian Grand Prix
366;1989;Belgian Grand Prix
367;1989;Italian Grand Prix
368;1989;Portuguese Grand Prix
369;1989;Spanish Grand Prix
370;1989;Japanese Grand Prix
371;1989;Australian Grand Prix
372;1988;Brazilian Grand Prix
373;1988;San Marino Grand Prix
374;1988;Monaco Grand Prix
375;1988;Mexican Grand Prix
376;1988;Canadian Grand Prix
377;1988;Detroit Grand Prix
378;1988;French Grand Prix
379;1988;British Grand Prix
380;1988;German Grand Prix
381;1988;Hungarian Grand Prix
382;1988;Belgian Grand Prix
383;1988;Italian Grand Prix
384;1988;Portuguese Grand Prix
385;1988;Spanish Grand Prix
386;1988;Japanese Grand Prix
387;1988;Australian Grand Prix
388;1987;Brazilian Grand Prix
389;1987;San Marino Grand Prix
390;1987;Belgian Grand Prix
391;1987;Monaco Grand Prix
392;1987;Detroit Grand Prix
393;1987;French Grand Prix
394;1987;British Grand Prix
395;1987;German Grand Prix
396;1987;Hungarian Grand Prix
397;1987;Austrian Grand Prix
398;1987;Italian Grand Prix
399;1987;Portuguese Grand Prix
400;1987;Spanish Grand Prix
401;1987;Mexican Grand Prix
402;1987;Japanese Grand Prix
403;1987;Australian Grand Prix
404;1986;Brazilian Grand Prix
405;1986;Spanish Grand Prix
406;1986;San Marino Grand Prix
407;1986;Monaco Grand Prix
408;1986;Belgian Grand Prix
409;1986;Canadian Grand Prix
410;1986;Detroit Grand Prix
411;1986;French Grand Prix
412;1986;British Grand Prix
413;1986;German Grand Prix
414;1986;Hungarian Grand Prix
415;1986;Austrian Grand Prix
416;1986;Italian Grand Prix
417;1986;Portuguese Grand Prix
418;1986;Mexican Grand Prix
419;1986;Australian Grand Prix
420;1985;Brazilian Grand Prix
421;1985;Portuguese Grand Prix
422;1985;San Marino Grand Prix
423;1985;Monaco Grand Prix
424;1985;Canadian Grand Prix
425;1985;Detroit Grand Prix
426;1985;French Grand Prix
427;1985;British Grand Prix
428;1985;German Grand Prix
429;1985;Austrian Grand Prix
430;1985;Dutch Grand Prix
431;1985;Italian Grand Prix
432;1985;Belgian Grand Prix
433;1985;European Grand Prix
434;1985;South African Grand Prix
435;1985;Australian Grand Prix
436;1984;Brazilian Grand Prix
437;1984;South African Grand Prix
438;1984;Belgian Grand Prix
439;1984;San Marino Grand Prix
440;1984;French Grand Prix
441;1984;Monaco Grand Prix
442;1984;Canadian Grand Prix
443;1984;Detroit Grand Prix
444;1984;Dallas Grand Prix
445;1984;British Grand Prix
446;1984;German Grand Prix
447;1984;Austrian Grand Prix
448;1984;Dutch Grand Prix
449;1984;Italian Grand Prix
450;1984;European Grand Prix
451;1984;Portuguese Grand Prix
452;1983;Brazilian Grand Prix
453;1983;United States Grand Prix West
454;1983;French Grand Prix
455;1983;San Marino Grand Prix
456;1983;Monaco Grand Prix
457;1983;Belgian Grand Prix
458;1983;Detroit Grand Prix
459;1983;Canadian Grand Prix
460;1983;British Grand Prix
461;1983;German Grand Prix
462;1983;Austrian Grand Prix
463;1983;Dutch Grand Prix
464;1983;Italian Grand Prix
465;1983;European Grand Prix
466;1983;South African Grand Prix
467;1982;South African Grand Prix
468;1982;Brazilian Grand Prix
469;1982;United States Grand Prix West
470;1982;San Marino Grand Prix
471;1982;Belgian Grand Prix
472;1982;Monaco Grand Prix
473;1982;Detroit Grand Prix
474;1982;Canadian Grand Prix
475;1982;Dutch Grand Prix
476;1982;British Grand Prix
477;1982;French Grand Prix
478;1982;German Grand Prix
479;1982;Austrian Grand Prix
480;1982;Swiss Grand Prix
481;1982;Italian Grand Prix
482;1982;Caesars Palace Grand Prix
483;1981;United States Grand Prix West
484;1981;Brazilian Grand Prix
485;1981;Argentine Grand Prix
486;1981;San Marino Grand Prix
487;1981;Belgian Grand Prix
488;1981;Monaco Grand Prix
489;1981;Spanish Grand Prix
490;1981;French Grand Prix
491;1981;British Grand Prix
492;1981;German Grand Prix
493;1981;Austrian Grand Prix
494;1981;Dutch Grand Prix
495;1981;Italian Grand Prix
496;1981;Canadian Grand Prix
497;1981;Caesars Palace Grand Prix
498;1980;Argentine Grand Prix
499;1980;Brazilian Grand Prix
500;1980;South African Grand Prix
501;1980;United States Grand Prix West
502;1980;Belgian Grand Prix
503;1980;Monaco Grand Prix
504;1980;French Grand Prix
505;1980;British Grand Prix
506;1980;German Grand Prix
507;1980;Austrian Grand Prix
508;1980;Dutch Grand Prix
509;1980;Italian Grand Prix
510;1980;Canadian Grand Prix
511;1980;United States Grand Prix
512;1979;Argentine Grand Prix
513;1979;Brazilian Grand Prix
514;1979;South African Grand Prix
515;1979;United States Grand Prix West
516;1979;Spanish Grand Prix
517;1979;Belgian Grand Prix
518;1979;Monaco Grand Prix
519;1979;French Grand Prix
520;1979;British Grand Prix
521;1979;German Grand Prix
522;1979;Austrian Grand Prix
523;1979;Dutch Grand Prix
524;1979;Italian Grand Prix
525;1979;Canadian Grand Prix
526;1979;United States Grand Prix
527;1978;Argentine Grand Prix
528;1978;Brazilian Grand Prix
529;1978;South African Grand Prix
530;1978;United States Grand Prix West
531;1978;Monaco Grand Prix
532;1978;Belgian Grand Prix
533;1978;Spanish Grand Prix
534;1978;Swedish Grand Prix
535;1978;French Grand Prix
536;1978;British Grand Prix
537;1978;German Grand Prix
538;1978;Austrian Grand Prix
539;1978;Dutch Grand Prix
540;1978;Italian Grand Prix
541;1978;United States Grand Prix
542;1978;Canadian Grand Prix
543;1977;Argentine Grand Prix
544;1977;Brazilian Grand Prix
545;1977;South African Grand Prix
546;1977;United States Grand Prix West
547;1977;Spanish Grand Prix
548;1977;Monaco Grand Prix
549;1977;Belgian Grand Prix
550;1977;Swedish Grand Prix
551;1977;French Grand Prix
552;1977;British Grand Prix
553;1977;German Grand Prix
554;1977;Austrian Grand Prix
555;1977;Dutch Grand Prix
556;1977;Italian Grand Prix
557;1977;United States Grand Prix
558;1977;Canadian Grand Prix
559;1977;Japanese Grand Prix
560;1976;Brazilian Grand Prix
561;1976;South African Grand Prix
562;1976;United States Grand Prix West
563;1976;Spanish Grand Prix
564;1976;Belgian Grand Prix
565;1976;Monaco Grand Prix
566;1976;Swedish Grand Prix
567;1976;French Grand Prix
568;1976;British Grand Prix
569;1976;German Grand Prix
570;1976;Austrian Grand Prix
571;1976;Dutch Grand Prix
572;1976;Italian Grand Prix
573;1976;Canadian Grand Prix
574;1976;United States Grand Prix
575;1976;Japanese Grand Prix
576;1975;Argentine Grand Prix
577;1975;Brazilian Grand Prix
578;1975;South African Grand Prix
579;1975;Spanish Grand Prix
580;1975;Monaco Grand Prix
581;1975;Belgian Grand Prix
582;1975;Swedish Grand Prix
583;1975;Dutch Grand Prix
584;1975;French Grand Prix
585;1975;British Grand Prix
586;1975;German Grand Prix
587;1975;Austrian Grand Prix
588;1975;Italian Grand Prix
589;1975;United States Grand Prix
590;1974;Argentine Grand Prix
591;1974;Brazilian Grand Prix
592;1974;South African Grand Prix
593;1974;Spanish Grand Prix
594;1974;Belgian Grand Prix
595;1974;Monaco Grand Prix
596;1974;Swedish Grand Prix
597;1974;Dutch Grand Prix
598;1974;French Grand Prix
599;1974;British Grand Prix
600;1974;German Grand Prix
601;1974;Austrian Grand Prix
602;1974;Italian Grand Prix
603;1974;Canadian Grand Prix
604;1974;United States Grand Prix
605;1973;Argentine Grand Prix
606;1973;Brazilian Grand Prix
607;1973;South African Grand Prix
608;1973;Spanish Grand Prix
609;1973;Belgian Grand Prix
610;1973;Monaco Grand Prix
611;1973;Swedish Grand Prix
612;1973;French Grand Prix
613;1973;British Grand Prix
614;1973;Dutch Grand Prix
615;1973;German Grand Prix
616;1973;Austrian Grand Prix
617;1973;Italian Grand Prix
618;1973;Canadian Grand Prix
619;1973;United States Grand Prix
620;1972;Argentine Grand Prix
621;1972;South African Grand Prix
622;1972;Spanish Grand Prix
623;1972;Monaco Grand Prix
624;1972;Belgian Grand Prix
625;1972;French Grand Prix
626;1972;British Grand Prix
627;1972;German Grand Prix
628;1972;Austrian Grand Prix
629;1972;Italian Grand Prix
630;1972;Canadian Grand Prix
631;1972;United States Grand Prix
632;1971;South African Grand Prix
633;1971;Spanish Grand Prix
634;1971;Monaco Grand Prix
635;1971;Dutch Grand Prix
636;1971;French Grand Prix
637;1971;British Grand Prix
638;1971;German Grand Prix
639;1971;Austrian Grand Prix
640;1971;Italian Grand Prix
641;1971;Canadian Grand Prix
642;1971;United States Grand Prix
643;1970;South African Grand Prix
644;1970;Spanish Grand Prix
645;1970;Monaco Grand Prix
646;1970;Belgian Grand Prix
647;1970;Dutch Grand Prix
648;1970;French Grand Prix
649;1970;British Grand Prix
650;1970;German Grand Prix
651;1970;Austrian Grand Prix
652;1970;Italian Grand Prix
653;1970;Canadian Grand Prix
654;1970;United States Grand Prix
655;1970;Mexican Grand Prix
656;1969;South African Grand Prix
657;1969;Spanish Grand Prix
658;1969;Monaco Grand Prix
659;1969;Dutch Grand Prix
660;1969;French Grand Prix
661;1969;British Grand Prix
662;1969;German Grand Prix
663;1969;Italian Grand Prix
664;1969;Canadian Grand Prix
665;1969;United States Grand Prix
666;1969;Mexican Grand Prix
667;1968;South African Grand Prix
668;1968;Spanish Grand Prix
669;1968;Monaco Grand Prix
670;1968;Belgian Grand Prix
671;1968;Dutch Grand Prix
672;1968;French Grand Prix
673;1968;British Grand Prix
674;1968;German Grand Prix
675;1968;Italian Grand Prix
676;1968;Canadian Grand Prix
677;1968;United States Grand Prix
678;1968;Mexican Grand Prix
679;1967;South African Grand Prix
680;1967;Monaco Grand Prix
681;1967;Dutch Grand Prix
682;1967;Belgian Grand Prix
683;1967;French Grand Prix
684;1967;British Grand Prix
685;1967;German Grand Prix
686;1967;Canadian Grand Prix
687;1967;Italian Grand Prix
688;1967;United States Grand Prix
689;1967;Mexican Grand Prix
690;1966;Monaco Grand Prix
691;1966;Belgian Grand Prix
692;1966;French Grand Prix
693;1966;British Grand Prix
694;1966;Dutch Grand Prix
695;1966;German Grand Prix
696;1966;Italian Grand Prix
697;1966;United States Grand Prix
698;1966;Mexican Grand Prix
699;1965;South African Grand Prix
700;1965;Monaco Grand Prix
701;1965;Belgian Grand Prix
702;1965;French Grand Prix
703;1965;British Grand Prix
704;1965;Dutch Grand Prix
705;1965;German Grand Prix
706;1965;Italian Grand Prix
707;1965;United States Grand Prix
708;1965;Mexican Grand Prix
709;1964;Monaco Grand Prix
710;1964;Dutch Grand Prix
711;1964;Belgian Grand Prix
712;1964;French Grand Prix
713;1964;British Grand Prix
714;1964;German Grand Prix
715;1964;Austrian Grand Prix
716;1964;Italian Grand Prix
717;1964;United States Grand Prix
718;1964;Mexican Grand Prix
719;1963;Monaco Grand Prix
720;1963;Belgian Grand Prix
721;1963;Dutch Grand Prix
722;1963;French Grand Prix
723;1963;British Grand Prix
724;1963;German Grand Prix
725;1963;Italian Grand Prix
726;1963;United States Grand Prix
727;1963;Mexican Grand Prix
728;1963;South African Grand Prix
729;1962;Dutch Grand Prix
730;1962;Monaco Grand Prix
731;1962;Belgian Grand Prix
732;1962;French Grand Prix
733;1962;British Grand Prix
734;1962;German Grand Prix
735;1962;Italian Grand Prix
736;1962;United States Grand Prix
737;1962;South African Grand Prix
738;1961;Monaco Grand Prix
739;1961;Dutch Grand Prix
740;1961;Belgian Grand Prix
741;1961;French Grand Prix
742;1961;British Grand Prix
743;1961;German Grand Prix
744;1961;Italian Grand Prix
745;1961;United States Grand Prix
746;1960;Argentine Grand Prix
747;1960;Monaco Grand Prix
748;1960;Indianapolis 500
749;1960;Dutch Grand Prix
750;1960;Belgian Grand Prix
751;1960;French Grand Prix
752;1960;British Grand Prix
753;1960;Portuguese Grand Prix
754;1960;Italian Grand Prix
755;1960;United States Grand Prix
756;1959;Monaco Grand Prix
757;1959;Indianapolis 500
758;1959;Dutch Grand Prix
759;1959;French Grand Prix
760;1959;British Grand Prix
761;1959;German Grand Prix
762;1959;Portuguese Grand Prix
763;1959;Italian Grand Prix
764;1959;United States Grand Prix
765;1958;Argentine Grand Prix
766;1958;Monaco Grand Prix
767;1958;Dutch Grand Prix
768;1958;Indianapolis 500
769;1958;Belgian Grand Prix
770;1958;French Grand Prix
771;1958;British Grand Prix
772;1958;German Grand Prix
773;1958;Portuguese Grand Prix
774;1958;Italian Grand Prix
775;1958;Moroccan Grand Prix
776;1957;Argentine Grand Prix
777;1957;Monaco Grand Prix
778;1957;Indianapolis 500
779;1957;French Grand Prix
780;1957;British Grand Prix
781;1957;German Grand Prix
782;1957;Pescara Grand Prix
783;1957;Italian Grand Prix
784;1956;Argentine Grand Prix
785;1956;Monaco Grand Prix
786;1956;Indianapolis 500
787;1956;Belgian Grand Prix
788;1956;French Grand Prix
789;1956;British Grand Prix
790;1956;German Grand Prix
791;1956;Italian Grand Prix
792;1955;Argentine Grand Prix
793;1955;Monaco Grand Prix
794;1955;Indianapolis 500
795;1955;Belgian Grand Prix
796;1955;Dutch Grand Prix
797;1955;British Grand Prix
798;1955;Italian Grand Prix
799;1954;Argentine Grand Prix
800;1954;Indianapolis 500
801;1954;Belgian Grand Prix
802;1954;French Grand Prix
803;1954;British Grand Prix
804;1954;German Grand Prix
805;1954;Swiss Grand Prix
806;1954;Italian Grand Prix
807;1954;Spanish Grand Prix
808;1953;Argentine Grand Prix
809;1953;Indianapolis 500
810;1953;Dutch Grand Prix
811;1953;Belgian Grand Prix
812;1953;French Grand Prix
813;1953;British Grand Prix
814;1953;German Grand Prix
815;1953;Swiss Grand Prix
816;1953;Italian Grand Prix
817;1952;Swiss Grand Prix
818;1952;Indianapolis 500
819;1952;Belgian Grand Prix
820;1952;French Grand Prix
821;1952;British Grand Prix
822;1952;German Grand Prix
823;1952;Dutch Grand Prix
824;1952;Italian Grand Prix
825;1951;Swiss Grand Prix
826;1951;Indianapolis 500
827;1951;Belgian Grand Prix
828;1951;French Grand Prix
829;1951;British Grand Prix
830;1951;German Grand Prix
831;1951;Italian Grand Prix
832;1951;Spanish Grand Prix
833;1950;British Grand Prix
834;1950;Monaco Grand Prix
835;1950;Indianapolis 500
836;1950;Swiss Grand Prix
837;1950;Belgian Grand Prix
838;1950;French Grand Prix
839;1950;Italian Grand Prix
841;2011;Australian Grand Prix
842;2011;Malaysian Grand Prix
843;2011;Chinese Grand Prix
844;2011;Turkish Grand Prix
845;2011;Spanish Grand Prix
846;2011;Monaco Grand Prix
847;2011;Canadian Grand Prix
848;2011;European Grand Prix
849;2011;British Grand Prix
850;2011;German Grand Prix
851;2011;Hungarian Grand Prix
852;2011;Belgian Grand Prix
853;2011;Italian Grand Prix
854;2011;Singapore Grand Prix
855;2011;Japanese Grand Prix
856;2011;Korean Grand Prix
857;2011;Indian Grand Prix
858;2011;Abu Dhabi Grand Prix
859;2011;Brazilian Grand Prix
860;2012;Australian Grand Prix
861;2012;Malaysian Grand Prix
862;2012;Chinese Grand Prix
863;2012;Bahrain Grand Prix
864;2012;Spanish Grand Prix
865;2012;Monaco Grand Prix
866;2012;Canadian Grand Prix
867;2012;European Grand Prix
868;2012;British Grand Prix
869;2012;German Grand Prix
870;2012;Hungarian Grand Prix
871;2012;Belgian Grand Prix
872;2012;Italian Grand Prix
873;2012;Singapore Grand Prix
874;2012;Japanese Grand Prix
875;2012;Korean Grand Prix
876;2012;Indian Grand Prix
877;2012;Abu Dhabi Grand Prix
878;2012;United States Grand Prix
879;2012;Brazilian Grand Prix
880;2013;Australian Grand Prix
881;2013;Malaysian Grand Prix
882;2013;Chinese Grand Prix
883;2013;Bahrain Grand Prix
884;2013;Spanish Grand Prix
885;2013;Monaco Grand Prix
886;2013;Canadian Grand Prix
887;2013;British Grand Prix
888;2013;German Grand Prix
890;2013;Hungarian Grand Prix
891;2013;Belgian Grand Prix
892;2013;Italian Grand Prix
893;2013;Singapore Grand Prix
894;2013;Korean Grand Prix
895;2013;Japanese Grand Prix
896;2013;Indian Grand Prix
897;2013;Abu Dhabi Grand Prix
898;2013;United States Grand Prix
899;2013;Brazilian Grand Prix
900;2014;Australian Grand Prix
901;2014;Malaysian Grand Prix
902;2014;Bahrain Grand Prix
903;2014;Chinese Grand Prix
904;2014;Spanish Grand Prix
905;2014;Monaco Grand Prix
906;2014;Canadian Grand Prix
907;2014;Austrian Grand Prix
908;2014;British Grand Prix
909;2014;German Grand Prix
910;2014;Hungarian Grand Prix
911;2014;Belgian Grand Prix
912;2014;Italian Grand Prix
913;2014;Singapore Grand Prix
914;2014;Japanese Grand Prix
915;2014;Russian Grand Prix
916;2014;United States Grand Prix
917;2014;Brazilian Grand Prix
918;2014;Abu Dhabi Grand Prix
931;2015;Monaco Grand Prix
932;2015;Canadian Grand Prix
929;2015;Bahrain Grand Prix
930;2015;Spanish Grand Prix
928;2015;Chinese Grand Prix
926;2015;Australian Grand Prix
927;2015;Malaysian Grand Prix
933;2015;Austrian Grand Prix
934;2015;British Grand Prix
936;2015;Hungarian Grand Prix
937;2015;Belgian Grand Prix
938;2015;Italian Grand Prix
939;2015;Singapore Grand Prix
940;2015;Japanese Grand Prix
941;2015;Russian Grand Prix
942;2015;United States Grand Prix
943;2015;Mexican Grand Prix
944;2015;Brazilian Grand Prix
945;2015;Abu Dhabi Grand Prix
948;2016;Australian Grand Prix
949;2016;Bahrain Grand Prix
950;2016;Chinese Grand Prix
951;2016;Russian Grand Prix
952;2016;Spanish Grand Prix
953;2016;Monaco Grand Prix
954;2016;Canadian Grand Prix
955;2016;European Grand Prix
956;2016;Austrian Grand Prix
957;2016;British Grand Prix
958;2016;Hungarian Grand Prix
959;2016;German Grand Prix
960;2016;Belgian Grand Prix
961;2016;Italian Grand Prix
962;2016;Singapore Grand Prix
963;2016;Malaysian Grand Prix
964;2016;Japanese Grand Prix
965;2016;United States Grand Prix
966;2016;Mexican Grand Prix
967;2016;Brazilian Grand Prix
968;2016;Abu Dhabi Grand Prix
969;2017;Australian Grand Prix
970;2017;Chinese Grand Prix
971;2017;Bahrain Grand Prix
972;2017;Russian Grand Prix
973;2017;Spanish Grand Prix
974;2017;Monaco Grand Prix
975;2017;Canadian Grand Prix
976;2017;Azerbaijan Grand Prix
977;2017;Austrian Grand Prix
978;2017;British Grand Prix
979;2017;Hungarian Grand Prix
980;2017;Belgian Grand Prix
981;2017;Italian Grand Prix
982;2017;Singapore Grand Prix
983;2017;Malaysian Grand Prix
984;2017;Japanese Grand Prix
985;2017;United States Grand Prix
986;2017;Mexican Grand Prix
987;2017;Brazilian Grand Prix
988;2017;Abu Dhabi Grand Prix
989;2018;Australian Grand Prix
990;2018;Bahrain Grand Prix
991;2018;Chinese Grand Prix
992;2018;Azerbaijan Grand Prix
993;2018;Spanish Grand Prix
994;2018;Monaco Grand Prix
995;2018;Canadian Grand Prix
996;2018;French Grand Prix
997;2018;Austrian Grand Prix
998;2018;British Grand Prix
999;2018;German Grand Prix
1000;2018;Hungarian Grand Prix
1001;2018;Belgian Grand Prix
1002;2018;Italian Grand Prix
1003;2018;Singapore Grand Prix
1004;2018;Russian Grand Prix
1005;2018;Japanese Grand Prix
1006;2018;United States Grand Prix
1007;2018;Mexican Grand Prix
1008;2018;Brazilian Grand Prix
1009;2018;Abu Dhabi Grand Prix
1010;2019;Australian Grand Prix
1011;2019;Bahrain Grand Prix
1012;2019;Chinese Grand Prix
1013;2019;Azerbaijan Grand Prix
1014;2019;Spanish Grand Prix
1015;2019;Monaco Grand Prix
1016;2019;Canadian Grand Prix
1017;2019;French Grand Prix
1018;2019;Austrian Grand Prix
1019;2019;British Grand Prix
1020;2019;German Grand Prix
1021;2019;Hungarian Grand Prix
1022;2019;Belgian Grand Prix
1023;2019;Italian Grand Prix
1024;2019;Singapore Grand Prix
1025;2019;Russian Grand Prix
1026;2019;Japanese Grand Prix
1027;2019;Mexican Grand Prix
1028;2019;United States Grand Prix
1029;2019;Brazilian Grand Prix
1030;2019;Abu Dhabi Grand Prix
1031;2020;Austrian Grand Prix
1032;2020;Styrian Grand Prix
1033;2020;Hungarian Grand Prix
1034;2020;British Grand Prix
1035;2020;70th Anniversary Grand Prix
1036;2020;Spanish Grand Prix
1037;2020;Belgian Grand Prix
1038;2020;Italian Grand Prix
1039;2020;Tuscan Grand Prix
1040;2020;Russian Grand Prix
1041;2020;Eifel Grand Prix
1042;2020;Portuguese Grand Prix
1043;2020;Emilia Romagna Grand Prix
1044;2020;Turkish Grand Prix
1045;2020;Bahrain Grand Prix
1046;2020;Sakhir Grand Prix
1047;2020;Abu Dhabi Grand Prix
1053;2021;Emilia Romagna Grand Prix
1074;2022;Bahrain Grand Prix
1052;2021;Bahrain Grand Prix
1051;2021;Qatar Grand Prix
1054;2021;Portuguese Grand Prix
1055;2021;Spanish Grand Prix
1056;2021;Monaco Grand Prix
1057;2021;Azerbaijan Grand Prix
1058;2021;Styrian Grand Prix
1059;2021;French Grand Prix
1060;2021;Austrian Grand Prix
1061;2021;British Grand Prix
1062;2021;Hungarian Grand Prix
1063;2021;Belgian Grand Prix
1064;2021;Dutch Grand Prix
1065;2021;Italian Grand Prix
1066;2021;Russian Grand Prix
1067;2021;Turkish Grand Prix
1069;2021;United States Grand Prix
1070;2021;Mexico City Grand Prix
1071;2021;SÃ£o Paulo Grand Prix
1072;2021;Saudi Arabian Grand Prix
1073;2021;Abu Dhabi Grand Prix
1075;2022;Saudi Arabian Grand Prix
1076;2022;Australian Grand Prix
1077;2022;Emilia Romagna Grand Prix
1078;2022;Miami Grand Prix
1079;2022;Spanish Grand Prix
1080;2022;Monaco Grand Prix
1081;2022;Azerbaijan Grand Prix
1082;2022;Canadian Grand Prix
1083;2022;British Grand Prix
1084;2022;Austrian Grand Prix
1085;2022;French Grand Prix
1086;2022;Hungarian Grand Prix
1087;2022;Belgian Grand Prix
1088;2022;Dutch Grand Prix
1089;2022;Italian Grand Prix
1091;2022;Singapore Grand Prix
1092;2022;Japanese Grand Prix
1093;2022;United States Grand Prix
1094;2022;Mexico City Grand Prix
1095;2022;Brazilian Grand Prix
1096;2022;Abu Dhabi Grand Prix